index,left,right,height,water,isMode,isPeak,isLowland
0,-3.92,-3.89,0.03242,0.03242,false,false,false
1,-3.89,-3.84,0.02298,0.02298,false,false,false
2,-3.84,-3.79,0.01924,0.01924,false,false,false
3,-3.79,-3.73,0.01773,0.01773,false,false,false
4,-3.73,-3.68,0.01733,0.01733,false,false,false
5,-3.68,-3.62,0.01754,0.01754,false,false,false
6,-3.62,-3.56,0.01808,0.01808,false,false,false
7,-3.56,-3.51,0.01876,0.01876,false,false,false
8,-3.51,-3.46,0.01949,0.01949,false,false,false
9,-3.46,-3.41,0.02021,0.02021,false,false,false
10,-3.41,-3.36,0.02090,0.02090,false,false,false
11,-3.36,-3.32,0.02159,0.02159,false,false,false
12,-3.32,-3.27,0.02230,0.02230,false,false,false
13,-3.27,-3.23,0.02307,0.02307,false,false,false
14,-3.23,-3.19,0.02390,0.02390,false,false,false
15,-3.19,-3.14,0.02480,0.02480,false,false,false
16,-3.14,-3.11,0.02577,0.02577,false,false,false
17,-3.11,-3.07,0.02679,0.02679,false,false,false
18,-3.07,-3.03,0.02783,0.02783,false,false,false
19,-3.03,-3.00,0.02887,0.02887,false,false,false
20,-3.00,-2.96,0.02987,0.02987,false,false,false
21,-2.96,-2.93,0.03079,0.03079,false,false,false
22,-2.93,-2.90,0.03160,0.03160,false,false,false
23,-2.90,-2.87,0.03226,0.03226,false,false,false
24,-2.87,-2.84,0.03274,0.03274,false,false,false
25,-2.84,-2.81,0.03302,0.03302,false,false,false
26,-2.81,-2.78,0.03310,0.03310,false,true,false
27,-2.78,-2.75,0.03297,0.03310,false,false,false
28,-2.75,-2.72,0.03264,0.03310,false,false,false
29,-2.72,-2.69,0.03213,0.03310,false,false,false
30,-2.69,-2.65,0.03149,0.03310,false,false,false
31,-2.65,-2.62,0.03074,0.03310,false,false,false
32,-2.62,-2.59,0.02991,0.03310,false,false,false
33,-2.59,-2.55,0.02906,0.03310,false,false,false
34,-2.55,-2.52,0.02820,0.03310,false,false,false
35,-2.52,-2.48,0.02736,0.03310,false,false,false
36,-2.48,-2.44,0.02656,0.03310,false,false,false
37,-2.44,-2.41,0.02583,0.03310,false,false,false
38,-2.41,-2.37,0.02517,0.03310,false,false,false
39,-2.37,-2.33,0.02459,0.03310,false,false,false
40,-2.33,-2.28,0.02409,0.03310,false,false,false
41,-2.28,-2.24,0.02368,0.03310,false,false,false
42,-2.24,-2.20,0.02337,0.03310,false,false,false
43,-2.20,-2.16,0.02314,0.03310,false,false,false
44,-2.16,-2.11,0.02300,0.03310,false,false,false
45,-2.11,-2.07,0.02295,0.03310,false,false,false
46,-2.07,-2.03,0.02299,0.03310,false,false,false
47,-2.03,-1.98,0.02311,0.03310,false,false,false
48,-1.98,-1.94,0.02332,0.03310,false,false,false
49,-1.94,-1.90,0.02361,0.03310,false,false,false
50,-1.90,-1.86,0.02399,0.03310,false,false,false
51,-1.86,-1.81,0.02446,0.03310,false,false,false
52,-1.81,-1.77,0.02501,0.03310,false,false,false
53,-1.77,-1.74,0.02564,0.03310,false,false,false
54,-1.74,-1.70,0.02636,0.03310,false,false,false
55,-1.70,-1.66,0.02716,0.03310,false,false,false
56,-1.66,-1.62,0.02804,0.03310,false,false,false
57,-1.62,-1.59,0.02901,0.03310,false,false,false
58,-1.59,-1.56,0.03005,0.03310,false,false,false
59,-1.56,-1.52,0.03116,0.03310,false,false,false
60,-1.52,-1.49,0.03235,0.03310,false,false,false
61,-1.49,-1.46,0.03360,0.03360,false,false,false
62,-1.46,-1.44,0.03491,0.03491,false,false,false
63,-1.44,-1.41,0.03626,0.03626,false,false,false
64,-1.41,-1.38,0.03765,0.03765,false,false,false
65,-1.38,-1.36,0.03908,0.03908,false,false,false
66,-1.36,-1.33,0.04051,0.04051,false,false,false
67,-1.33,-1.31,0.04195,0.04195,false,false,false
68,-1.31,-1.28,0.04337,0.04337,false,false,false
69,-1.28,-1.26,0.04477,0.04477,false,false,false
70,-1.26,-1.24,0.04613,0.04613,false,false,false
71,-1.24,-1.22,0.04744,0.04744,false,false,false
72,-1.22,-1.20,0.04869,0.04869,false,false,false
73,-1.20,-1.18,0.04987,0.04987,false,false,false
74,-1.18,-1.16,0.05097,0.05097,false,false,false
75,-1.16,-1.14,0.05200,0.05200,false,false,false
76,-1.14,-1.12,0.05294,0.05294,false,false,false
77,-1.12,-1.10,0.05381,0.05381,false,false,false
78,-1.10,-1.08,0.05460,0.05460,false,false,false
79,-1.08,-1.07,0.05532,0.05532,false,false,false
80,-1.07,-1.05,0.05598,0.05598,false,false,false
81,-1.05,-1.03,0.05658,0.05658,false,false,false
82,-1.03,-1.01,0.05713,0.05713,false,false,false
83,-1.01,-1.00,0.05764,0.05764,false,false,false
84,-1.00,-0.98,0.05813,0.05813,false,false,false
85,-0.98,-0.96,0.05860,0.05860,false,false,false
86,-0.96,-0.94,0.05905,0.05905,false,false,false
87,-0.94,-0.93,0.05950,0.05950,false,false,false
88,-0.93,-0.91,0.05995,0.05995,false,false,false
89,-0.91,-0.89,0.06041,0.06041,false,false,false
90,-0.89,-0.88,0.06089,0.06089,false,false,false
91,-0.88,-0.86,0.06138,0.06138,false,false,false
92,-0.86,-0.85,0.06190,0.06190,false,false,false
93,-0.85,-0.83,0.06244,0.06244,false,false,false
94,-0.83,-0.81,0.06302,0.06302,false,false,false
95,-0.81,-0.80,0.06362,0.06362,false,false,false
96,-0.80,-0.78,0.06425,0.06425,false,false,false
97,-0.78,-0.77,0.06492,0.06492,false,false,false
98,-0.77,-0.75,0.06561,0.06561,false,false,false
99,-0.75,-0.74,0.06634,0.06634,false,false,false
100,-0.74,-0.72,0.06709,0.06709,false,false,false
101,-0.72,-0.71,0.06788,0.06788,false,false,false
102,-0.71,-0.69,0.06869,0.06869,false,false,false
103,-0.69,-0.68,0.06952,0.06952,false,false,false
104,-0.68,-0.66,0.07037,0.07037,false,false,false
105,-0.66,-0.65,0.07125,0.07125,false,false,false
106,-0.65,-0.64,0.07214,0.07214,false,false,false
107,-0.64,-0.62,0.07304,0.07304,false,false,false
108,-0.62,-0.61,0.07396,0.07396,false,false,false
109,-0.61,-0.60,0.07488,0.07488,false,false,false
110,-0.60,-0.58,0.07582,0.07582,false,false,false
111,-0.58,-0.57,0.07675,0.07675,false,false,false
112,-0.57,-0.56,0.07769,0.07769,false,false,false
113,-0.56,-0.54,0.07863,0.07863,false,false,false
114,-0.54,-0.53,0.07957,0.07957,false,false,false
115,-0.53,-0.52,0.08051,0.08051,false,false,false
116,-0.52,-0.51,0.08144,0.08144,false,false,false
117,-0.51,-0.49,0.08237,0.08237,false,false,false
118,-0.49,-0.48,0.08329,0.08329,false,false,false
119,-0.48,-0.47,0.08421,0.08421,false,false,false
120,-0.47,-0.46,0.08512,0.08512,false,false,false
121,-0.46,-0.45,0.08602,0.08602,false,false,false
122,-0.45,-0.44,0.08692,0.08692,false,false,false
123,-0.44,-0.42,0.08781,0.08781,false,false,false
124,-0.42,-0.41,0.08869,0.08869,false,false,false
125,-0.41,-0.40,0.08956,0.08956,false,false,false
126,-0.40,-0.39,0.09043,0.09043,false,false,false
127,-0.39,-0.38,0.09129,0.09129,false,false,false
128,-0.38,-0.37,0.09215,0.09215,false,false,false
129,-0.37,-0.36,0.09299,0.09299,false,false,false
130,-0.36,-0.35,0.09383,0.09383,false,false,false
131,-0.35,-0.34,0.09466,0.09466,false,false,false
132,-0.34,-0.33,0.09548,0.09548,false,false,false
133,-0.33,-0.32,0.09630,0.09630,false,false,false
134,-0.32,-0.31,0.09710,0.09710,false,false,false
135,-0.31,-0.30,0.09789,0.09789,false,false,false
136,-0.30,-0.29,0.09866,0.09866,false,false,false
137,-0.29,-0.28,0.09943,0.09943,false,false,false
138,-0.28,-0.27,0.10018,0.10018,false,false,false
139,-0.27,-0.26,0.10091,0.10091,false,false,false
140,-0.26,-0.25,0.10162,0.10162,false,false,false
141,-0.25,-0.24,0.10231,0.10231,false,false,false
142,-0.24,-0.23,0.10298,0.10298,false,false,false
143,-0.23,-0.22,0.10363,0.10363,false,false,false
144,-0.22,-0.21,0.10425,0.10425,false,false,false
145,-0.21,-0.20,0.10485,0.10485,false,false,false
146,-0.20,-0.19,0.10542,0.10542,false,false,false
147,-0.19,-0.18,0.10596,0.10596,false,false,false
148,-0.18,-0.17,0.10647,0.10647,false,false,false
149,-0.17,-0.16,0.10696,0.10696,false,false,false
150,-0.16,-0.15,0.10742,0.10742,false,false,false
151,-0.15,-0.14,0.10784,0.10784,false,false,false
152,-0.14,-0.13,0.10825,0.10825,false,false,false
153,-0.13,-0.12,0.10862,0.10862,false,false,false
154,-0.12,-0.11,0.10898,0.10898,false,false,false
155,-0.11,-0.10,0.10931,0.10931,false,false,false
156,-0.10,-0.09,0.10961,0.10961,false,false,false
157,-0.09,-0.09,0.10990,0.10990,false,false,false
158,-0.09,-0.08,0.11017,0.11017,false,false,false
159,-0.08,-0.07,0.11043,0.11043,false,false,false
160,-0.07,-0.06,0.11068,0.11068,false,false,false
161,-0.06,-0.05,0.11092,0.11092,false,false,false
162,-0.05,-0.04,0.11115,0.11115,false,false,false
163,-0.04,-0.03,0.11138,0.11138,false,false,false
164,-0.03,-0.02,0.11161,0.11161,false,false,false
165,-0.02,-0.01,0.11184,0.11184,false,false,false
166,-0.01,-0.00,0.11208,0.11208,false,false,false
167,-0.00,0.00,0.11232,0.11232,false,false,false
168,0.00,0.01,0.11257,0.11257,false,false,false
169,0.01,0.02,0.11284,0.11284,false,false,false
170,0.02,0.03,0.11311,0.11311,false,false,false
171,0.03,0.04,0.11340,0.11340,false,false,false
172,0.04,0.05,0.11371,0.11371,false,false,false
173,0.05,0.06,0.11403,0.11403,false,false,false
174,0.06,0.07,0.11437,0.11437,false,false,false
175,0.07,0.07,0.11472,0.11472,false,false,false
176,0.07,0.08,0.11509,0.11509,false,false,false
177,0.08,0.09,0.11548,0.11548,false,false,false
178,0.09,0.10,0.11587,0.11587,false,false,false
179,0.10,0.11,0.11628,0.11628,false,false,false
180,0.11,0.12,0.11670,0.11670,false,false,false
181,0.12,0.13,0.11713,0.11713,false,false,false
182,0.13,0.13,0.11756,0.11756,false,false,false
183,0.13,0.14,0.11799,0.11799,false,false,false
184,0.14,0.15,0.11842,0.11842,false,false,false
185,0.15,0.16,0.11885,0.11885,false,false,false
186,0.16,0.17,0.11927,0.11927,false,false,false
187,0.17,0.18,0.11967,0.11967,false,false,false
188,0.18,0.19,0.12006,0.12006,false,false,false
189,0.19,0.19,0.12043,0.12043,false,false,false
190,0.19,0.20,0.12077,0.12077,false,false,false
191,0.20,0.21,0.12109,0.12109,false,false,false
192,0.21,0.22,0.12137,0.12137,false,false,false
193,0.22,0.23,0.12161,0.12161,false,false,false
194,0.23,0.23,0.12182,0.12182,false,false,false
195,0.23,0.24,0.12198,0.12198,false,false,false
196,0.24,0.25,0.12210,0.12210,false,false,false
197,0.25,0.26,0.12216,0.12216,false,false,false
198,0.26,0.27,0.12218,0.12218,true,true,false
199,0.27,0.28,0.12214,0.12214,false,false,false
200,0.28,0.28,0.12205,0.12205,false,false,false
201,0.28,0.29,0.12190,0.12190,false,false,false
202,0.29,0.30,0.12170,0.12170,false,false,false
203,0.30,0.31,0.12144,0.12144,false,false,false
204,0.31,0.32,0.12113,0.12113,false,false,false
205,0.32,0.32,0.12077,0.12077,false,false,false
206,0.32,0.33,0.12037,0.12037,false,false,false
207,0.33,0.34,0.11991,0.11991,false,false,false
208,0.34,0.35,0.11941,0.11941,false,false,false
209,0.35,0.36,0.11887,0.11887,false,false,false
210,0.36,0.37,0.11829,0.11829,false,false,false
211,0.37,0.38,0.11768,0.11768,false,false,false
212,0.38,0.38,0.11704,0.11704,false,false,false
213,0.38,0.39,0.11637,0.11637,false,false,false
214,0.39,0.40,0.11568,0.11568,false,false,false
215,0.40,0.41,0.11497,0.11497,false,false,false
216,0.41,0.42,0.11425,0.11425,false,false,false
217,0.42,0.43,0.11352,0.11352,false,false,false
218,0.43,0.44,0.11279,0.11279,false,false,false
219,0.44,0.45,0.11205,0.11205,false,false,false
220,0.45,0.45,0.11131,0.11131,false,false,false
221,0.45,0.46,0.11058,0.11058,false,false,false
222,0.46,0.47,0.10986,0.10986,false,false,false
223,0.47,0.48,0.10914,0.10914,false,false,false
224,0.48,0.49,0.10844,0.10844,false,false,false
225,0.49,0.50,0.10776,0.10776,false,false,false
226,0.50,0.51,0.10709,0.10709,false,false,false
227,0.51,0.52,0.10645,0.10645,false,false,false
228,0.52,0.53,0.10582,0.10582,false,false,false
229,0.53,0.54,0.10522,0.10522,false,false,false
230,0.54,0.55,0.10464,0.10464,false,false,false
231,0.55,0.56,0.10408,0.10408,false,false,false
232,0.56,0.57,0.10355,0.10355,false,false,false
233,0.57,0.58,0.10305,0.10305,false,false,false
234,0.58,0.59,0.10257,0.10257,false,false,false
235,0.59,0.60,0.10212,0.10244,false,false,true
236,0.60,0.61,0.10169,0.10244,false,false,true
237,0.61,0.62,0.10130,0.10244,false,false,true
238,0.62,0.63,0.10092,0.10244,false,false,true
239,0.63,0.64,0.10058,0.10244,false,false,true
240,0.64,0.65,0.10025,0.10244,false,false,true
241,0.65,0.66,0.09996,0.10244,false,false,true
242,0.66,0.67,0.09968,0.10244,false,false,true
243,0.67,0.68,0.09943,0.10244,false,false,true
244,0.68,0.69,0.09920,0.10244,false,false,true
245,0.69,0.70,0.09899,0.10244,false,false,true
246,0.70,0.71,0.09880,0.10244,false,false,true
247,0.71,0.72,0.09863,0.10244,false,false,true
248,0.72,0.73,0.09847,0.10244,false,false,true
249,0.73,0.74,0.09834,0.10244,false,false,true
250,0.74,0.75,0.09822,0.10244,false,false,true
251,0.75,0.76,0.09811,0.10244,false,false,true
252,0.76,0.77,0.09801,0.10244,false,false,true
253,0.77,0.78,0.09793,0.10244,false,false,true
254,0.78,0.79,0.09786,0.10244,false,false,true
255,0.79,0.80,0.09779,0.10244,false,false,true
256,0.80,0.81,0.09774,0.10244,false,false,true
257,0.81,0.82,0.09769,0.10244,false,false,true
258,0.82,0.83,0.09765,0.10244,false,false,true
259,0.83,0.84,0.09761,0.10244,false,false,true
260,0.84,0.85,0.09757,0.10244,false,false,true
261,0.85,0.86,0.09754,0.10244,false,false,true
262,0.86,0.87,0.09751,0.10244,false,false,true
263,0.87,0.88,0.09747,0.10244,false,false,true
264,0.88,0.89,0.09744,0.10244,false,false,true
265,0.89,0.90,0.09740,0.10244,false,false,true
266,0.90,0.91,0.09736,0.10244,false,false,true
267,0.91,0.92,0.09732,0.10244,false,false,true
268,0.92,0.93,0.09727,0.10244,false,false,true
269,0.93,0.94,0.09721,0.10244,false,false,true
270,0.94,0.95,0.09715,0.10244,false,false,true
271,0.95,0.96,0.09708,0.10244,false,false,true
272,0.96,0.97,0.09700,0.10244,false,false,true
273,0.97,0.98,0.09690,0.10244,false,false,true
274,0.98,0.99,0.09680,0.10244,false,false,true
275,0.99,1.00,0.09668,0.10244,false,false,true
276,1.00,1.01,0.09655,0.10244,false,false,true
277,1.01,1.02,0.09641,0.10244,false,false,true
278,1.02,1.03,0.09625,0.10244,false,false,true
279,1.03,1.04,0.09607,0.10244,false,false,true
280,1.04,1.05,0.09588,0.10244,false,false,true
281,1.05,1.07,0.09566,0.10244,false,false,true
282,1.07,1.08,0.09543,0.10244,false,false,true
283,1.08,1.09,0.09518,0.10244,false,false,true
284,1.09,1.10,0.09491,0.10244,false,false,true
285,1.10,1.11,0.09461,0.10244,false,false,true
286,1.11,1.12,0.09429,0.10244,false,false,true
287,1.12,1.13,0.09396,0.10244,false,false,true
288,1.13,1.14,0.09359,0.10244,false,false,true
289,1.14,1.15,0.09321,0.10244,false,false,true
290,1.15,1.16,0.09279,0.10244,false,false,true
291,1.16,1.17,0.09236,0.10244,false,false,true
292,1.17,1.18,0.09190,0.10244,false,false,true
293,1.18,1.19,0.09141,0.10244,false,false,true
294,1.19,1.20,0.09090,0.10244,false,false,true
295,1.20,1.22,0.09037,0.10244,false,false,true
296,1.22,1.23,0.08980,0.10244,false,false,true
297,1.23,1.24,0.08922,0.10244,false,false,true
298,1.24,1.25,0.08861,0.10244,false,false,true
299,1.25,1.26,0.08798,0.10244,false,false,true
300,1.26,1.27,0.08732,0.10244,false,false,true
301,1.27,1.28,0.08664,0.10244,false,false,true
302,1.28,1.30,0.08593,0.10244,false,false,true
303,1.30,1.31,0.08521,0.10244,false,false,true
304,1.31,1.32,0.08446,0.10244,false,false,true
305,1.32,1.33,0.08370,0.10244,false,false,true
306,1.33,1.34,0.08291,0.10244,false,false,true
307,1.34,1.35,0.08211,0.10244,false,false,true
308,1.35,1.37,0.08129,0.10244,false,false,true
309,1.37,1.38,0.08045,0.10244,false,false,true
310,1.38,1.39,0.07959,0.10244,false,false,true
311,1.39,1.40,0.07873,0.10244,false,false,true
312,1.40,1.42,0.07784,0.10244,false,false,true
313,1.42,1.43,0.07695,0.10244,false,false,true
314,1.43,1.44,0.07604,0.10244,false,false,true
315,1.44,1.46,0.07512,0.10244,false,false,true
316,1.46,1.47,0.07419,0.10244,false,false,true
317,1.47,1.48,0.07325,0.10244,false,false,true
318,1.48,1.50,0.07230,0.10244,false,false,true
319,1.50,1.51,0.07134,0.10244,false,false,true
320,1.51,1.53,0.07037,0.10244,false,false,true
321,1.53,1.54,0.06940,0.10244,false,false,true
322,1.54,1.56,0.06842,0.10244,false,false,true
323,1.56,1.57,0.06744,0.10244,false,false,true
324,1.57,1.59,0.06645,0.10244,false,false,true
325,1.59,1.60,0.06546,0.10244,false,false,true
326,1.60,1.62,0.06446,0.10244,false,false,true
327,1.62,1.63,0.06346,0.10244,false,false,true
328,1.63,1.65,0.06246,0.10244,false,false,true
329,1.65,1.66,0.06145,0.10244,false,false,true
330,1.66,1.68,0.06045,0.10244,false,false,true
331,1.68,1.70,0.05944,0.10244,false,false,true
332,1.70,1.71,0.05844,0.10244,false,false,true
333,1.71,1.73,0.05743,0.10244,false,false,true
334,1.73,1.75,0.05643,0.10244,false,false,true
335,1.75,1.77,0.05543,0.10244,false,false,true
336,1.77,1.79,0.05443,0.10244,false,false,true
337,1.79,1.80,0.05343,0.10244,false,false,true
338,1.80,1.82,0.05244,0.10244,false,false,true
339,1.82,1.84,0.05146,0.10244,false,false,true
340,1.84,1.86,0.05047,0.10244,false,false,true
341,1.86,1.88,0.04950,0.10244,false,false,true
342,1.88,1.90,0.04853,0.10244,false,false,true
343,1.90,1.92,0.04757,0.10244,false,false,true
344,1.92,1.95,0.04662,0.10244,false,false,true
345,1.95,1.97,0.04568,0.10244,false,false,true
346,1.97,1.99,0.04474,0.10244,false,false,true
347,1.99,2.01,0.04382,0.10244,false,false,true
348,2.01,2.04,0.04291,0.10244,false,false,true
349,2.04,2.06,0.04201,0.10244,false,false,true
350,2.06,2.08,0.04112,0.10244,false,false,true
351,2.08,2.11,0.04025,0.10244,false,false,true
352,2.11,2.14,0.03939,0.10244,false,false,true
353,2.14,2.16,0.03854,0.10244,false,false,true
354,2.16,2.19,0.03771,0.10244,false,false,true
355,2.19,2.21,0.03689,0.10244,false,false,true
356,2.21,2.24,0.03609,0.10244,false,false,true
357,2.24,2.27,0.03530,0.10244,false,false,true
358,2.27,2.30,0.03453,0.10244,false,false,true
359,2.30,2.33,0.03378,0.10244,false,false,true
360,2.33,2.36,0.03304,0.10244,false,false,true
361,2.36,2.39,0.03232,0.10244,false,false,true
362,2.39,2.42,0.03161,0.10244,false,false,true
363,2.42,2.45,0.03092,0.10244,false,false,true
364,2.45,2.49,0.03025,0.10244,false,false,true
365,2.49,2.52,0.02959,0.10244,false,false,true
366,2.52,2.56,0.02895,0.10244,false,false,true
367,2.56,2.59,0.02833,0.10244,false,false,true
368,2.59,2.63,0.02772,0.10244,false,false,true
369,2.63,2.66,0.02713,0.10244,false,false,true
370,2.66,2.70,0.02656,0.10244,false,false,true
371,2.70,2.74,0.02600,0.10244,false,false,true
372,2.74,2.78,0.02546,0.10244,false,false,true
373,2.78,2.82,0.02493,0.10244,false,false,true
374,2.82,2.86,0.02442,0.10244,false,false,true
375,2.86,2.90,0.02392,0.10244,false,false,true
376,2.90,2.95,0.02344,0.10244,false,false,true
377,2.95,2.99,0.02297,0.10244,false,false,true
378,2.99,3.03,0.02251,0.10244,false,false,true
379,3.03,3.08,0.02207,0.10244,false,false,true
380,3.08,3.12,0.02165,0.10244,false,false,true
381,3.12,3.17,0.02123,0.10244,false,false,true
382,3.17,3.22,0.02083,0.10244,false,false,true
383,3.22,3.27,0.02044,0.10244,false,false,true
384,3.27,3.32,0.02007,0.10244,false,false,true
385,3.32,3.37,0.01970,0.10244,false,false,true
386,3.37,3.42,0.01935,0.10244,false,false,true
387,3.42,3.47,0.01901,0.10244,false,false,true
388,3.47,3.53,0.01868,0.10244,false,false,true
389,3.53,3.58,0.01836,0.10244,false,false,true
390,3.58,3.64,0.01805,0.10244,false,false,true
391,3.64,3.69,0.01776,0.10244,false,false,true
392,3.69,3.75,0.01747,0.10244,false,false,true
393,3.75,3.81,0.01719,0.10244,false,false,true
394,3.81,3.87,0.01693,0.10244,false,false,true
395,3.87,3.93,0.01667,0.10244,false,false,true
396,3.93,3.99,0.01642,0.10244,false,false,true
397,3.99,4.05,0.01619,0.10244,false,false,true
398,4.05,4.11,0.01596,0.10244,false,false,true
399,4.11,4.18,0.01574,0.10244,false,false,true
400,4.18,4.24,0.01553,0.10244,false,false,true
401,4.24,4.31,0.01533,0.10244,false,false,true
402,4.31,4.37,0.01514,0.10244,false,false,true
403,4.37,4.44,0.01495,0.10244,false,false,true
404,4.44,4.51,0.01478,0.10244,false,false,true
405,4.51,4.58,0.01461,0.10244,false,false,true
406,4.58,4.64,0.01445,0.10244,false,false,true
407,4.64,4.71,0.01430,0.10244,false,false,true
408,4.71,4.78,0.01416,0.10244,false,false,true
409,4.78,4.86,0.01403,0.10244,false,false,true
410,4.86,4.93,0.01390,0.10244,false,false,true
411,4.93,5.00,0.01379,0.10244,false,false,true
412,5.00,5.07,0.01368,0.10244,false,false,true
413,5.07,5.15,0.01358,0.10244,false,false,true
414,5.15,5.22,0.01348,0.10244,false,false,true
415,5.22,5.30,0.01340,0.10244,false,false,true
416,5.30,5.37,0.01332,0.10244,false,false,true
417,5.37,5.45,0.01326,0.10244,false,false,true
418,5.45,5.52,0.01320,0.10244,false,false,true
419,5.52,5.60,0.01315,0.10244,false,false,true
420,5.60,5.67,0.01310,0.10244,false,false,true
421,5.67,5.75,0.01307,0.10244,false,false,true
422,5.75,5.83,0.01305,0.10244,false,false,true
423,5.83,5.90,0.01303,0.10244,false,false,true
424,5.90,5.98,0.01302,0.10244,false,false,true
425,5.98,6.06,0.01302,0.10244,false,false,true
426,6.06,6.13,0.01303,0.10244,false,false,true
427,6.13,6.21,0.01305,0.10244,false,false,true
428,6.21,6.29,0.01308,0.10244,false,false,true
429,6.29,6.36,0.01312,0.10244,false,false,true
430,6.36,6.44,0.01317,0.10244,false,false,true
431,6.44,6.52,0.01323,0.10244,false,false,true
432,6.52,6.59,0.01330,0.10244,false,false,true
433,6.59,6.67,0.01338,0.10244,false,false,true
434,6.67,6.74,0.01347,0.10244,false,false,true
435,6.74,6.81,0.01357,0.10244,false,false,true
436,6.81,6.89,0.01368,0.10244,false,false,true
437,6.89,6.96,0.01381,0.10244,false,false,true
438,6.96,7.03,0.01395,0.10244,false,false,true
439,7.03,7.10,0.01410,0.10244,false,false,true
440,7.10,7.17,0.01426,0.10244,false,false,true
441,7.17,7.24,0.01443,0.10244,false,false,true
442,7.24,7.31,0.01463,0.10244,false,false,true
443,7.31,7.38,0.01483,0.10244,false,false,true
444,7.38,7.44,0.01505,0.10244,false,false,true
445,7.44,7.51,0.01529,0.10244,false,false,true
446,7.51,7.57,0.01554,0.10244,false,false,true
447,7.57,7.64,0.01581,0.10244,false,false,true
448,7.64,7.70,0.01609,0.10244,false,false,true
449,7.70,7.76,0.01640,0.10244,false,false,true
450,7.76,7.82,0.01672,0.10244,false,false,true
451,7.82,7.88,0.01706,0.10244,false,false,true
452,7.88,7.94,0.01743,0.10244,false,false,true
453,7.94,7.99,0.01781,0.10244,false,false,true
454,7.99,8.05,0.01822,0.10244,false,false,true
455,8.05,8.10,0.01865,0.10244,false,false,true
456,8.10,8.15,0.01911,0.10244,false,false,true
457,8.15,8.20,0.01959,0.10244,false,false,true
458,8.20,8.25,0.02009,0.10244,false,false,true
459,8.25,8.30,0.02063,0.10244,false,false,true
460,8.30,8.35,0.02119,0.10244,false,false,true
461,8.35,8.39,0.02178,0.10244,false,false,true
462,8.39,8.44,0.02241,0.10244,false,false,true
463,8.44,8.48,0.02306,0.10244,false,false,true
464,8.48,8.52,0.02375,0.10244,false,false,true
465,8.52,8.57,0.02447,0.10244,false,false,true
466,8.57,8.61,0.02523,0.10244,false,false,true
467,8.61,8.64,0.02603,0.10244,false,false,true
468,8.64,8.68,0.02686,0.10244,false,false,true
469,8.68,8.72,0.02773,0.10244,false,false,true
470,8.72,8.75,0.02865,0.10244,false,false,true
471,8.75,8.79,0.02960,0.10244,false,false,true
472,8.79,8.82,0.03060,0.10244,false,false,true
473,8.82,8.85,0.03164,0.10244,false,false,true
474,8.85,8.88,0.03273,0.10244,false,false,true
475,8.88,8.91,0.03386,0.10244,false,false,true
476,8.91,8.94,0.03503,0.10244,false,false,true
477,8.94,8.97,0.03626,0.10244,false,false,true
478,8.97,8.99,0.03752,0.10244,false,false,true
479,8.99,9.02,0.03884,0.10244,false,false,true
480,9.02,9.04,0.04020,0.10244,false,false,true
481,9.04,9.07,0.04161,0.10244,false,false,true
482,9.07,9.09,0.04306,0.10244,false,false,true
483,9.09,9.11,0.04456,0.10244,false,false,true
484,9.11,9.13,0.04610,0.10244,false,false,true
485,9.13,9.16,0.04768,0.10244,false,false,true
486,9.16,9.18,0.04930,0.10244,false,false,true
487,9.18,9.20,0.05096,0.10244,false,false,true
488,9.20,9.21,0.05265,0.10244,false,false,true
489,9.21,9.23,0.05438,0.10244,false,false,true
490,9.23,9.25,0.05613,0.10244,false,false,true
491,9.25,9.27,0.05791,0.10244,false,false,true
492,9.27,9.29,0.05971,0.10244,false,false,true
493,9.29,9.30,0.06153,0.10244,false,false,true
494,9.30,9.32,0.06337,0.10244,false,false,true
495,9.32,9.33,0.06521,0.10244,false,false,true
496,9.33,9.35,0.06705,0.10244,false,false,true
497,9.35,9.36,0.06890,0.10244,false,false,true
498,9.36,9.38,0.07073,0.10244,false,false,true
499,9.38,9.39,0.07256,0.10244,false,false,true
500,9.39,9.40,0.07437,0.10244,false,false,true
501,9.40,9.42,0.07616,0.10244,false,false,true
502,9.42,9.43,0.07792,0.10244,false,false,true
503,9.43,9.44,0.07965,0.10244,false,false,true
504,9.44,9.45,0.08135,0.10244,false,false,true
505,9.45,9.47,0.08300,0.10244,false,false,true
506,9.47,9.48,0.08460,0.10244,false,false,true
507,9.48,9.49,0.08616,0.10244,false,false,true
508,9.49,9.50,0.08766,0.10244,false,false,true
509,9.50,9.51,0.08910,0.10244,false,false,true
510,9.51,9.52,0.09048,0.10244,false,false,true
511,9.52,9.53,0.09180,0.10244,false,false,true
512,9.53,9.54,0.09305,0.10244,false,false,true
513,9.54,9.56,0.09422,0.10244,false,false,true
514,9.56,9.57,0.09533,0.10244,false,false,true
515,9.57,9.58,0.09635,0.10244,false,false,true
516,9.58,9.59,0.09730,0.10244,false,false,true
517,9.59,9.60,0.09817,0.10244,false,false,true
518,9.60,9.61,0.09897,0.10244,false,false,true
519,9.61,9.62,0.09968,0.10244,false,false,true
520,9.62,9.63,0.10031,0.10244,false,false,true
521,9.63,9.64,0.10085,0.10244,false,false,true
522,9.64,9.65,0.10132,0.10244,false,false,true
523,9.65,9.66,0.10171,0.10244,false,false,true
524,9.66,9.67,0.10201,0.10244,false,false,true
525,9.67,9.68,0.10223,0.10244,false,false,true
526,9.68,9.69,0.10237,0.10244,false,false,true
527,9.69,9.70,0.10244,0.10244,true,true,true
528,9.70,9.71,0.10243,0.10244,false,false,true
529,9.71,9.72,0.10234,0.10244,false,false,true
530,9.72,9.72,0.10218,0.10244,false,false,true
531,9.72,9.73,0.10195,0.10244,false,false,true
532,9.73,9.74,0.10166,0.10244,false,false,true
533,9.74,9.75,0.10129,0.10244,false,false,true
534,9.75,9.76,0.10087,0.10244,false,false,true
535,9.76,9.77,0.10038,0.10244,false,false,true
536,9.77,9.78,0.09984,0.10244,false,false,true
537,9.78,9.79,0.09924,0.10244,false,false,true
538,9.79,9.80,0.09860,0.10244,false,false,true
539,9.80,9.81,0.09791,0.10244,false,false,true
540,9.81,9.83,0.09717,0.10244,false,false,true
541,9.83,9.84,0.09640,0.10244,false,false,true
542,9.84,9.85,0.09559,0.10244,false,false,true
543,9.85,9.86,0.09474,0.10244,false,false,true
544,9.86,9.87,0.09387,0.10244,false,false,true
545,9.87,9.88,0.09298,0.10244,false,false,true
546,9.88,9.89,0.09206,0.10244,false,false,true
547,9.89,9.90,0.09113,0.10244,false,false,true
548,9.90,9.91,0.09018,0.10244,false,false,true
549,9.91,9.92,0.08922,0.10244,false,false,true
550,9.92,9.93,0.08825,0.10244,false,false,true
551,9.93,9.94,0.08727,0.10244,false,false,true
552,9.94,9.96,0.08630,0.10244,false,false,true
553,9.96,9.97,0.08532,0.10244,false,false,true
554,9.97,9.98,0.08435,0.10244,false,false,true
555,9.98,9.99,0.08338,0.10244,false,false,true
556,9.99,10.00,0.08242,0.10244,false,false,true
557,10.00,10.02,0.08147,0.10244,false,false,true
558,10.02,10.03,0.08054,0.10244,false,false,true
559,10.03,10.04,0.07961,0.10244,false,false,true
560,10.04,10.05,0.07870,0.10244,false,false,true
561,10.05,10.07,0.07781,0.10244,false,false,true
562,10.07,10.08,0.07694,0.10244,false,false,true
563,10.08,10.09,0.07608,0.10244,false,false,true
564,10.09,10.11,0.07525,0.10244,false,false,true
565,10.11,10.12,0.07444,0.10244,false,false,true
566,10.12,10.13,0.07364,0.10244,false,false,true
567,10.13,10.15,0.07288,0.10244,false,false,true
568,10.15,10.16,0.07213,0.10244,false,false,true
569,10.16,10.17,0.07141,0.10244,false,false,true
570,10.17,10.19,0.07072,0.10244,false,false,true
571,10.19,10.20,0.07004,0.10244,false,false,true
572,10.20,10.22,0.06940,0.10244,false,false,true
573,10.22,10.23,0.06877,0.10244,false,false,true
574,10.23,10.25,0.06818,0.10244,false,false,true
575,10.25,10.26,0.06761,0.10244,false,false,true
576,10.26,10.28,0.06706,0.10244,false,false,true
577,10.28,10.29,0.06654,0.10244,false,false,true
578,10.29,10.31,0.06604,0.10244,false,false,true
579,10.31,10.32,0.06557,0.10244,false,false,true
580,10.32,10.34,0.06512,0.10244,false,false,true
581,10.34,10.35,0.06469,0.10244,false,false,true
582,10.35,10.37,0.06429,0.10244,false,false,true
583,10.37,10.38,0.06391,0.10244,false,false,true
584,10.38,10.40,0.06355,0.10244,false,false,true
585,10.40,10.42,0.06322,0.10244,false,false,true
586,10.42,10.43,0.06290,0.10244,false,false,true
587,10.43,10.45,0.06261,0.10244,false,false,true
588,10.45,10.46,0.06233,0.10244,false,false,true
589,10.46,10.48,0.06207,0.10244,false,false,true
590,10.48,10.50,0.06183,0.10244,false,false,true
591,10.50,10.51,0.06161,0.10244,false,false,true
592,10.51,10.53,0.06141,0.10244,false,false,true
593,10.53,10.54,0.06121,0.10244,false,false,true
594,10.54,10.56,0.06104,0.10244,false,false,true
595,10.56,10.58,0.06087,0.10244,false,false,true
596,10.58,10.59,0.06072,0.10244,false,false,true
597,10.59,10.61,0.06057,0.10244,false,false,true
598,10.61,10.63,0.06044,0.10244,false,false,true
599,10.63,10.64,0.06031,0.10244,false,false,true
600,10.64,10.66,0.06018,0.10244,false,false,true
601,10.66,10.68,0.06007,0.10244,false,false,true
602,10.68,10.69,0.05995,0.10244,false,false,true
603,10.69,10.71,0.05983,0.10244,false,false,true
604,10.71,10.73,0.05971,0.10244,false,false,true
605,10.73,10.74,0.05959,0.10244,false,false,true
606,10.74,10.76,0.05947,0.10244,false,false,true
607,10.76,10.78,0.05934,0.10244,false,false,true
608,10.78,10.79,0.05920,0.10244,false,false,true
609,10.79,10.81,0.05904,0.10244,false,false,true
610,10.81,10.83,0.05888,0.10244,false,false,true
611,10.83,10.85,0.05870,0.10244,false,false,true
612,10.85,10.86,0.05851,0.10244,false,false,true
613,10.86,10.88,0.05829,0.10244,false,false,true
614,10.88,10.90,0.05806,0.10244,false,false,true
615,10.90,10.91,0.05781,0.10244,false,false,true
616,10.91,10.93,0.05753,0.10244,false,false,true
617,10.93,10.95,0.05723,0.10244,false,false,true
618,10.95,10.97,0.05690,0.10244,false,false,true
619,10.97,10.98,0.05655,0.10244,false,false,true
620,10.98,11.00,0.05617,0.10244,false,false,true
621,11.00,11.02,0.05576,0.10244,false,false,true
622,11.02,11.04,0.05532,0.10244,false,false,true
623,11.04,11.06,0.05485,0.10244,false,false,true
624,11.06,11.07,0.05435,0.10244,false,false,true
625,11.07,11.09,0.05383,0.10244,false,false,true
626,11.09,11.11,0.05327,0.10244,false,false,true
627,11.11,11.13,0.05269,0.10244,false,false,true
628,11.13,11.15,0.05208,0.10244,false,false,true
629,11.15,11.17,0.05144,0.10244,false,false,true
630,11.17,11.19,0.05078,0.10244,false,false,true
631,11.19,11.21,0.05010,0.10244,false,false,true
632,11.21,11.23,0.04940,0.10244,false,false,true
633,11.23,11.25,0.04867,0.10244,false,false,true
634,11.25,11.27,0.04792,0.10244,false,false,true
635,11.27,11.29,0.04716,0.10244,false,false,true
636,11.29,11.31,0.04639,0.10244,false,false,true
637,11.31,11.34,0.04560,0.10244,false,false,true
638,11.34,11.36,0.04480,0.10244,false,false,true
639,11.36,11.38,0.04399,0.10244,false,false,true
640,11.38,11.40,0.04317,0.10244,false,false,true
641,11.40,11.43,0.04235,0.10244,false,false,true
642,11.43,11.45,0.04152,0.10244,false,false,true
643,11.45,11.48,0.04069,0.10244,false,false,true
644,11.48,11.50,0.03987,0.10244,false,false,true
645,11.50,11.53,0.03904,0.10244,false,false,true
646,11.53,11.55,0.03821,0.10244,false,false,true
647,11.55,11.58,0.03739,0.10244,false,false,true
648,11.58,11.61,0.03658,0.10244,false,false,true
649,11.61,11.64,0.03577,0.10244,false,false,true
650,11.64,11.66,0.03497,0.10244,false,false,true
651,11.66,11.69,0.03417,0.10244,false,false,true
652,11.69,11.72,0.03339,0.10244,false,false,true
653,11.72,11.75,0.03261,0.10244,false,false,true
654,11.75,11.78,0.03185,0.10244,false,false,true
655,11.78,11.82,0.03109,0.10244,false,false,true
656,11.82,11.85,0.03035,0.10244,false,false,true
657,11.85,11.88,0.02962,0.10244,false,false,true
658,11.88,11.92,0.02890,0.10244,false,false,true
659,11.92,11.95,0.02819,0.10244,false,false,true
660,11.95,11.99,0.02750,0.10244,false,false,true
661,11.99,12.03,0.02682,0.10244,false,false,true
662,12.03,12.07,0.02616,0.10244,false,false,true
663,12.07,12.10,0.02550,0.10244,false,false,true
664,12.10,12.15,0.02486,0.10244,false,false,true
665,12.15,12.19,0.02424,0.10244,false,false,true
666,12.19,12.23,0.02363,0.10244,false,false,true
667,12.23,12.27,0.02303,0.10244,false,false,true
668,12.27,12.32,0.02245,0.10244,false,false,true
669,12.32,12.36,0.02188,0.10244,false,false,true
670,12.36,12.41,0.02132,0.10244,false,false,true
671,12.41,12.46,0.02078,0.10244,false,false,true
672,12.46,12.51,0.02025,0.10244,false,false,true
673,12.51,12.56,0.01974,0.10244,false,false,true
674,12.56,12.61,0.01924,0.10244,false,false,true
675,12.61,12.66,0.01876,0.10244,false,false,true
676,12.66,12.72,0.01829,0.10244,false,false,true
677,12.72,12.77,0.01784,0.10244,false,false,true
678,12.77,12.83,0.01740,0.10244,false,false,true
679,12.83,12.89,0.01697,0.10244,false,false,true
680,12.89,12.95,0.01656,0.10244,false,false,true
681,12.95,13.01,0.01616,0.10244,false,false,true
682,13.01,13.08,0.01577,0.10244,false,false,true
683,13.08,13.14,0.01540,0.10244,false,false,true
684,13.14,13.21,0.01505,0.10244,false,false,true
685,13.21,13.27,0.01470,0.10244,false,false,true
686,13.27,13.34,0.01438,0.10244,false,false,true
687,13.34,13.42,0.01406,0.10244,false,false,true
688,13.42,13.49,0.01376,0.10244,false,false,true
689,13.49,13.56,0.01347,0.10244,false,false,true
690,13.56,13.64,0.01319,0.10244,false,false,true
691,13.64,13.72,0.01293,0.10244,false,false,true
692,13.72,13.79,0.01268,0.10244,false,false,true
693,13.79,13.87,0.01244,0.10244,false,false,true
694,13.87,13.96,0.01222,0.10244,false,false,true
695,13.96,14.04,0.01200,0.10244,false,false,true
696,14.04,14.12,0.01180,0.10244,false,false,true
697,14.12,14.21,0.01161,0.10244,false,false,true
698,14.21,14.30,0.01144,0.10244,false,false,true
699,14.30,14.39,0.01127,0.10244,false,false,true
700,14.39,14.48,0.01112,0.10244,false,false,true
701,14.48,14.57,0.01098,0.10244,false,false,true
702,14.57,14.66,0.01084,0.10244,false,false,true
703,14.66,14.75,0.01072,0.10244,false,false,true
704,14.75,14.85,0.01062,0.10244,false,false,true
705,14.85,14.94,0.01052,0.10244,false,false,true
706,14.94,15.04,0.01043,0.10244,false,false,true
707,15.04,15.14,0.01035,0.10244,false,false,true
708,15.14,15.23,0.01029,0.10244,false,false,true
709,15.23,15.33,0.01023,0.10244,false,false,true
710,15.33,15.43,0.01019,0.10244,false,false,true
711,15.43,15.53,0.01016,0.10244,false,false,true
712,15.53,15.63,0.01013,0.10244,false,false,true
713,15.63,15.72,0.01012,0.10244,false,false,true
714,15.72,15.82,0.01012,0.10244,false,false,true
715,15.82,15.92,0.01013,0.10244,false,false,true
716,15.92,16.02,0.01016,0.10244,false,false,true
717,16.02,16.12,0.01019,0.10244,false,false,true
718,16.12,16.22,0.01024,0.10244,false,false,true
719,16.22,16.31,0.01029,0.10244,false,false,true
720,16.31,16.41,0.01036,0.10244,false,false,true
721,16.41,16.51,0.01045,0.10244,false,false,true
722,16.51,16.60,0.01054,0.10244,false,false,true
723,16.60,16.69,0.01065,0.10244,false,false,true
724,16.69,16.79,0.01077,0.10244,false,false,true
725,16.79,16.88,0.01091,0.10244,false,false,true
726,16.88,16.97,0.01106,0.10244,false,false,true
727,16.97,17.06,0.01123,0.10244,false,false,true
728,17.06,17.15,0.01141,0.10244,false,false,true
729,17.15,17.23,0.01161,0.10244,false,false,true
730,17.23,17.32,0.01182,0.10244,false,false,true
731,17.32,17.40,0.01205,0.10244,false,false,true
732,17.40,17.48,0.01231,0.10244,false,false,true
733,17.48,17.56,0.01258,0.10244,false,false,true
734,17.56,17.64,0.01287,0.10244,false,false,true
735,17.64,17.71,0.01318,0.10244,false,false,true
736,17.71,17.79,0.01352,0.10244,false,false,true
737,17.79,17.86,0.01388,0.10244,false,false,true
738,17.86,17.93,0.01426,0.10244,false,false,true
739,17.93,18.00,0.01467,0.10244,false,false,true
740,18.00,18.06,0.01511,0.10244,false,false,true
741,18.06,18.13,0.01557,0.10244,false,false,true
742,18.13,18.19,0.01606,0.10244,false,false,true
743,18.19,18.25,0.01659,0.10244,false,false,true
744,18.25,18.31,0.01715,0.10244,false,false,true
745,18.31,18.37,0.01774,0.10244,false,false,true
746,18.37,18.42,0.01837,0.10244,false,false,true
747,18.42,18.47,0.01903,0.10244,false,false,true
748,18.47,18.52,0.01974,0.10244,false,false,true
749,18.52,18.57,0.02048,0.10244,false,false,true
750,18.57,18.62,0.02127,0.10244,false,false,true
751,18.62,18.66,0.02210,0.10244,false,false,true
752,18.66,18.71,0.02298,0.10244,false,false,true
753,18.71,18.75,0.02390,0.10244,false,false,true
754,18.75,18.79,0.02487,0.10244,false,false,true
755,18.79,18.83,0.02589,0.10244,false,false,true
756,18.83,18.87,0.02696,0.10244,false,false,true
757,18.87,18.90,0.02808,0.10244,false,false,true
758,18.90,18.94,0.02926,0.10244,false,false,true
759,18.94,18.97,0.03048,0.10244,false,false,true
760,18.97,19.00,0.03176,0.10244,false,false,true
761,19.00,19.03,0.03309,0.10244,false,false,true
762,19.03,19.06,0.03447,0.10244,false,false,true
763,19.06,19.09,0.03591,0.10244,false,false,true
764,19.09,19.11,0.03739,0.10244,false,false,true
765,19.11,19.14,0.03893,0.10244,false,false,true
766,19.14,19.16,0.04051,0.10244,false,false,true
767,19.16,19.19,0.04213,0.10244,false,false,true
768,19.19,19.21,0.04380,0.10244,false,false,true
769,19.21,19.23,0.04551,0.10244,false,false,true
770,19.23,19.25,0.04725,0.10244,false,false,true
771,19.25,19.27,0.04902,0.10244,false,false,true
772,19.27,19.29,0.05082,0.10244,false,false,true
773,19.29,19.31,0.05264,0.10244,false,false,true
774,19.31,19.33,0.05448,0.10244,false,false,true
775,19.33,19.35,0.05634,0.10244,false,false,true
776,19.35,19.37,0.05820,0.10244,false,false,true
777,19.37,19.38,0.06007,0.10244,false,false,true
778,19.38,19.40,0.06194,0.10244,false,false,true
779,19.40,19.41,0.06381,0.10244,false,false,true
780,19.41,19.43,0.06567,0.10244,false,false,true
781,19.43,19.44,0.06751,0.10244,false,false,true
782,19.44,19.46,0.06934,0.10244,false,false,true
783,19.46,19.47,0.07114,0.10244,false,false,true
784,19.47,19.49,0.07293,0.10244,false,false,true
785,19.49,19.50,0.07468,0.10244,false,false,true
786,19.50,19.51,0.07641,0.10244,false,false,true
787,19.51,19.53,0.07810,0.10244,false,false,true
788,19.53,19.54,0.07976,0.10244,false,false,true
789,19.54,19.55,0.08138,0.10244,false,false,true
790,19.55,19.56,0.08296,0.10244,false,false,true
791,19.56,19.57,0.08450,0.10244,false,false,true
792,19.57,19.59,0.08600,0.10244,false,false,true
793,19.59,19.60,0.08745,0.10244,false,false,true
794,19.60,19.61,0.08886,0.10244,false,false,true
795,19.61,19.62,0.09022,0.10244,false,false,true
796,19.62,19.63,0.09153,0.10244,false,false,true
797,19.63,19.64,0.09279,0.10244,false,false,true
798,19.64,19.65,0.09400,0.10244,false,false,true
799,19.65,19.66,0.09516,0.10244,false,false,true
800,19.66,19.67,0.09626,0.10244,false,false,true
801,19.67,19.68,0.09730,0.10244,false,false,true
802,19.68,19.69,0.09829,0.10244,false,false,true
803,19.69,19.70,0.09921,0.10244,false,false,true
804,19.70,19.71,0.10007,0.10244,false,false,true
805,19.71,19.72,0.10087,0.10244,false,false,true
806,19.72,19.73,0.10160,0.10244,false,false,true
807,19.73,19.74,0.10227,0.10244,false,false,true
808,19.74,19.75,0.10286,0.10286,false,false,false
809,19.75,19.76,0.10339,0.10339,false,false,false
810,19.76,19.77,0.10384,0.10384,false,false,false
811,19.77,19.78,0.10423,0.10423,false,false,false
812,19.78,19.79,0.10454,0.10454,false,false,false
813,19.79,19.80,0.10478,0.10478,false,false,false
814,19.80,19.81,0.10494,0.10494,false,false,false
815,19.81,19.82,0.10504,0.10504,false,false,false
816,19.82,19.83,0.10506,0.10506,true,true,false
817,19.83,19.84,0.10502,0.10502,false,false,false
818,19.84,19.85,0.10490,0.10490,false,false,false
819,19.85,19.86,0.10472,0.10472,false,false,false
820,19.86,19.87,0.10448,0.10448,false,false,false
821,19.87,19.88,0.10418,0.10418,false,false,false
822,19.88,19.89,0.10382,0.10382,false,false,false
823,19.89,19.90,0.10340,0.10340,false,false,false
824,19.90,19.91,0.10293,0.10293,false,false,false
825,19.91,19.92,0.10242,0.10242,false,false,false
826,19.92,19.93,0.10186,0.10186,false,false,false
827,19.93,19.94,0.10126,0.10126,false,false,false
828,19.94,19.95,0.10062,0.10062,false,false,false
829,19.95,19.96,0.09995,0.09995,false,false,false
830,19.96,19.97,0.09925,0.09925,false,false,false
831,19.97,19.98,0.09852,0.09852,false,false,false
832,19.98,19.99,0.09778,0.09778,false,false,false
833,19.99,20.00,0.09701,0.09701,false,false,false
834,20.00,20.01,0.09623,0.09623,false,false,false
835,20.01,20.02,0.09544,0.09544,false,false,false
836,20.02,20.03,0.09464,0.09464,false,false,false
837,20.03,20.04,0.09384,0.09384,false,false,false
838,20.04,20.05,0.09303,0.09303,false,false,false
839,20.05,20.06,0.09222,0.09222,false,false,false
840,20.06,20.07,0.09142,0.09142,false,false,false
841,20.07,20.08,0.09061,0.09061,false,false,false
842,20.08,20.09,0.08982,0.08982,false,false,false
843,20.09,20.10,0.08903,0.08903,false,false,false
844,20.10,20.12,0.08826,0.08826,false,false,false
845,20.12,20.13,0.08749,0.08749,false,false,false
846,20.13,20.14,0.08674,0.08674,false,false,false
847,20.14,20.15,0.08601,0.08601,false,false,false
848,20.15,20.16,0.08529,0.08529,false,false,false
849,20.16,20.17,0.08458,0.08458,false,false,false
850,20.17,20.19,0.08390,0.08390,false,false,false
851,20.19,20.20,0.08323,0.08323,false,false,false
852,20.20,20.21,0.08258,0.08258,false,false,false
853,20.21,20.22,0.08196,0.08196,false,false,false
854,20.22,20.23,0.08135,0.08135,false,false,false
855,20.23,20.25,0.08077,0.08077,false,false,false
856,20.25,20.26,0.08020,0.08020,false,false,false
857,20.26,20.27,0.07966,0.07966,false,false,false
858,20.27,20.28,0.07915,0.07915,false,false,false
859,20.28,20.30,0.07865,0.07865,false,false,false
860,20.30,20.31,0.07818,0.07818,false,false,false
861,20.31,20.32,0.07773,0.07773,false,false,false
862,20.32,20.34,0.07730,0.07730,false,false,false
863,20.34,20.35,0.07690,0.07690,false,false,false
864,20.35,20.36,0.07652,0.07652,false,false,false
865,20.36,20.38,0.07616,0.07616,false,false,false
866,20.38,20.39,0.07583,0.07583,false,false,false
867,20.39,20.40,0.07552,0.07552,false,false,false
868,20.40,20.42,0.07523,0.07523,false,false,false
869,20.42,20.43,0.07496,0.07496,false,false,false
870,20.43,20.44,0.07472,0.07472,false,false,false
871,20.44,20.46,0.07449,0.07449,false,false,false
872,20.46,20.47,0.07428,0.07428,false,false,false
873,20.47,20.48,0.07410,0.07410,false,false,false
874,20.48,20.50,0.07393,0.07393,false,false,false
875,20.50,20.51,0.07378,0.07378,false,false,false
876,20.51,20.52,0.07364,0.07364,false,false,false
877,20.52,20.54,0.07352,0.07352,false,false,false
878,20.54,20.55,0.07341,0.07341,false,false,false
879,20.55,20.56,0.07332,0.07332,false,false,false
880,20.56,20.58,0.07323,0.07323,false,false,false
881,20.58,20.59,0.07315,0.07315,false,false,false
882,20.59,20.60,0.07308,0.07308,false,false,false
883,20.60,20.62,0.07301,0.07301,false,false,false
884,20.62,20.63,0.07295,0.07295,false,false,false
885,20.63,20.65,0.07288,0.07288,false,false,false
886,20.65,20.66,0.07281,0.07281,false,false,false
887,20.66,20.67,0.07273,0.07273,false,false,false
888,20.67,20.69,0.07264,0.07264,false,false,false
889,20.69,20.70,0.07255,0.07255,false,false,false
890,20.70,20.71,0.07244,0.07244,false,false,false
891,20.71,20.73,0.07231,0.07231,false,false,false
892,20.73,20.74,0.07217,0.07217,false,false,false
893,20.74,20.76,0.07200,0.07200,false,false,false
894,20.76,20.77,0.07182,0.07182,false,false,false
895,20.77,20.78,0.07161,0.07161,false,false,false
896,20.78,20.80,0.07137,0.07137,false,false,false
897,20.80,20.81,0.07111,0.07111,false,false,false
898,20.81,20.83,0.07083,0.07083,false,false,false
899,20.83,20.84,0.07052,0.07052,false,false,false
900,20.84,20.85,0.07018,0.07018,false,false,false
901,20.85,20.87,0.06982,0.06982,false,false,false
902,20.87,20.88,0.06944,0.06944,false,false,false
903,20.88,20.90,0.06904,0.06904,false,false,false
904,20.90,20.91,0.06862,0.06862,false,false,false
905,20.91,20.93,0.06819,0.06819,false,false,false
906,20.93,20.94,0.06774,0.06774,false,false,false
907,20.94,20.96,0.06729,0.06729,false,false,false
908,20.96,20.97,0.06683,0.06683,false,false,false
909,20.97,20.99,0.06637,0.06637,false,false,false
910,20.99,21.00,0.06592,0.06592,false,false,false
911,21.00,21.02,0.06547,0.06547,false,false,false
912,21.02,21.03,0.06503,0.06503,false,false,false
913,21.03,21.05,0.06460,0.06460,false,false,false
914,21.05,21.06,0.06419,0.06419,false,false,false
915,21.06,21.08,0.06380,0.06380,false,false,false
916,21.08,21.10,0.06343,0.06343,false,false,false
917,21.10,21.11,0.06309,0.06309,false,false,false
918,21.11,21.13,0.06277,0.06277,false,false,false
919,21.13,21.14,0.06248,0.06248,false,false,false
920,21.14,21.16,0.06222,0.06222,false,false,false
921,21.16,21.18,0.06199,0.06199,false,false,false
922,21.18,21.19,0.06179,0.06179,false,false,false
923,21.19,21.21,0.06161,0.06161,false,false,false
924,21.21,21.22,0.06147,0.06147,false,false,false
925,21.22,21.24,0.06136,0.06136,false,false,false
926,21.24,21.26,0.06128,0.06128,false,false,false
927,21.26,21.27,0.06121,0.06121,false,false,false
928,21.27,21.29,0.06117,0.06117,false,false,false
929,21.29,21.31,0.06115,0.06115,false,false,false
930,21.31,21.32,0.06114,0.06114,false,false,false
931,21.32,21.34,0.06113,0.06113,false,false,false
932,21.34,21.35,0.06113,0.06113,false,false,false
933,21.35,21.37,0.06113,0.06113,false,false,false
934,21.37,21.39,0.06111,0.06111,false,false,false
935,21.39,21.40,0.06107,0.06107,false,false,false
936,21.40,21.42,0.06100,0.06100,false,false,false
937,21.42,21.44,0.06089,0.06089,false,false,false
938,21.44,21.45,0.06074,0.06074,false,false,false
939,21.45,21.47,0.06054,0.06054,false,false,false
940,21.47,21.49,0.06026,0.06026,false,false,false
941,21.49,21.50,0.05992,0.05992,false,false,false
942,21.50,21.52,0.05951,0.05951,false,false,false
943,21.52,21.54,0.05901,0.05901,false,false,false
944,21.54,21.55,0.05843,0.05843,false,false,false
945,21.55,21.57,0.05778,0.05778,false,false,false
946,21.57,21.59,0.05704,0.05704,false,false,false
947,21.59,21.61,0.05624,0.05624,false,false,false
948,21.61,21.62,0.05537,0.05537,false,false,false
949,21.62,21.64,0.05445,0.05445,false,false,false
950,21.64,21.66,0.05350,0.05350,false,false,false
951,21.66,21.68,0.05251,0.05251,false,false,false
952,21.68,21.70,0.05152,0.05152,false,false,false
953,21.70,21.72,0.05052,0.05052,false,false,false
954,21.72,21.74,0.04953,0.04953,false,false,false
955,21.74,21.76,0.04857,0.04857,false,false,false
956,21.76,21.78,0.04763,0.04763,false,false,false
957,21.78,21.80,0.04672,0.04672,false,false,false
958,21.80,21.82,0.04585,0.04585,false,false,false
959,21.82,21.85,0.04500,0.04500,false,false,false
960,21.85,21.87,0.04417,0.04417,false,false,false
961,21.87,21.89,0.04334,0.04334,false,false,false
962,21.89,21.92,0.04250,0.04250,false,false,false
963,21.92,21.94,0.04162,0.04162,false,false,false
964,21.94,21.96,0.04068,0.04068,false,false,false
965,21.96,21.99,0.03966,0.03966,false,false,false
966,21.99,22.02,0.03851,0.03851,false,false,false
967,22.02,22.04,0.03723,0.03723,false,false,false
968,22.04,22.07,0.03579,0.03579,false,false,false
969,22.07,22.10,0.03421,0.03421,false,false,false
970,22.10,22.13,0.03248,0.03248,false,false,false
971,22.13,22.16,0.03064,0.03064,false,false,false
972,22.16,22.20,0.02872,0.02872,false,false,false
973,22.20,22.24,0.02677,0.02677,false,false,false
974,22.24,22.28,0.02483,0.02483,false,false,false
975,22.28,22.32,0.02295,0.02295,false,false,false
976,22.32,22.37,0.02115,0.02115,false,false,false
977,22.37,22.42,0.01946,0.01946,false,false,false
978,22.42,22.47,0.01790,0.01790,false,false,false
979,22.47,22.53,0.01648,0.01648,false,false,false
980,22.53,22.60,0.01519,0.01519,false,false,false
981,22.60,22.67,0.01401,0.01401,false,false,false
982,22.67,22.75,0.01295,0.01295,false,false,false
983,22.75,22.83,0.01197,0.01197,false,false,false
984,22.83,22.92,0.01105,0.01105,false,false,false
985,22.92,23.02,0.01017,0.01017,false,false,false
986,23.02,23.13,0.00930,0.00930,false,false,false
987,23.13,23.25,0.00843,0.00843,false,false,false
988,23.25,23.38,0.00754,0.00754,false,false,false
989,23.38,23.53,0.00665,0.00665,false,false,false
990,23.53,23.70,0.00579,0.00579,false,false,false
991,23.70,23.90,0.00500,0.00500,false,false,false
992,23.90,24.14,0.00430,0.00430,false,false,false
993,24.14,24.40,0.00373,0.00373,false,false,false
994,24.40,24.71,0.00330,0.00330,false,false,false
995,24.71,25.04,0.00301,0.00301,false,false,false
996,25.04,25.38,0.00290,0.00290,false,false,false
997,25.38,25.72,0.00300,0.00300,false,false,false
998,25.72,26.01,0.00346,0.00346,false,false,false
999,26.01,26.22,0.00475,0.00475,false,false,false


